{"orig": {"chord_length_pph": 10.151833466308295, "slope_pph": -0.019351482853022014, "specific_surface": 0.07740593141208806, "slope_gph": -0.01938023201637895, "chord_length_gph": 41.46219550265924}, "S_46": {"chord_length_pph": 9.733083081644379, "slope_pph": -0.019673070022500006, "specific_surface": 0.07869228009000002, "slope_gph": -0.01926123614183428, "chord_length_gph": 41.976556906643225}, "S_47": {"chord_length_pph": 9.971730948572072, "slope_pph": -0.020288190289467257, "specific_surface": 0.08115276115786903, "slope_gph": -0.020297597567900755, "chord_length_gph": 39.29980493166808}, "S_44": {"chord_length_pph": 9.86297226506526, "slope_pph": -0.02060341137932374, "specific_surface": 0.08241364551729496, "slope_gph": -0.02053709757754829, "chord_length_gph": 38.7975526722467}, "S_45": {"chord_length_pph": 10.27011593749671, "slope_pph": -0.02052552291355937, "specific_surface": 0.08210209165423749, "slope_gph": -0.02036486830641413, "chord_length_gph": 38.75303724657198}, "S_43": {"chord_length_pph": 9.729042797794625, "slope_pph": -0.020226989858098694, "specific_surface": 0.08090795943239477, "slope_gph": -0.02001029365149143, "chord_length_gph": 40.13987820414291}, "S_48": {"chord_length_pph": 9.84346759320225, "slope_pph": -0.020291566270603356, "specific_surface": 0.08116626508241342, "slope_gph": -0.01985721587676914, "chord_length_gph": 40.300746588358386}, "S_49": {"chord_length_pph": 9.841370291167507, "slope_pph": -0.01982020737244912, "specific_surface": 0.07928082948979648, "slope_gph": -0.019714324144335604, "chord_length_gph": 40.83031171176513}, "S_60": {"chord_length_pph": 9.78286801091761, "slope_pph": -0.020455363884770428, "specific_surface": 0.08182145553908171, "slope_gph": -0.020275108708103007, "chord_length_gph": 39.451718188831336}, "S_61": {"chord_length_pph": 9.996690843993058, "slope_pph": -0.019708296782868562, "specific_surface": 0.07883318713147425, "slope_gph": -0.019683653968303447, "chord_length_gph": 40.79436934285884}, "S_62": {"chord_length_pph": 9.893445404929283, "slope_pph": -0.02035610363803686, "specific_surface": 0.08142441455214744, "slope_gph": -0.020297213950566696, "chord_length_gph": 39.34569551983774}, "S_63": {"chord_length_pph": 9.49978782489844, "slope_pph": -0.019911839452269264, "specific_surface": 0.07964735780907706, "slope_gph": -0.019660092048043372, "chord_length_gph": 41.2430291790367}, "S_51": {"chord_length_pph": 9.494164866747676, "slope_pph": -0.02010754791805045, "specific_surface": 0.0804301916722018, "slope_gph": -0.01979396077451323, "chord_length_gph": 40.87588301386321}, "S_50": {"chord_length_pph": 10.29302831501409, "slope_pph": -0.02034890690959041, "specific_surface": 0.08139562763836164, "slope_gph": -0.020347972987336815, "chord_length_gph": 38.85144360531553}, "S_53": {"chord_length_pph": 9.660251397218948, "slope_pph": -0.020323617049606082, "specific_surface": 0.08129446819842433, "slope_gph": -0.020160737190658695, "chord_length_gph": 39.86306365683756}, "S_52": {"chord_length_pph": 10.22006416554426, "slope_pph": -0.020250031863569884, "specific_surface": 0.08100012745427954, "slope_gph": -0.02018528855559893, "chord_length_gph": 39.288186186470355}, "S_55": {"chord_length_pph": 9.562160690140294, "slope_pph": -0.019626212744312976, "specific_surface": 0.0785048509772519, "slope_gph": -0.019497541734984473, "chord_length_gph": 41.663252272589475}, "S_54": {"chord_length_pph": 9.7347959233564, "slope_pph": -0.020215896311480908, "specific_surface": 0.08086358524592363, "slope_gph": -0.020067243428891546, "chord_length_gph": 40.02554600217786}, "S_57": {"chord_length_pph": 10.32551373319703, "slope_pph": -0.020276920878703253, "specific_surface": 0.08110768351481301, "slope_gph": -0.020407390935044546, "chord_length_gph": 38.74235454774828}, "S_56": {"chord_length_pph": 9.819239707119525, "slope_pph": -0.020238124939134967, "specific_surface": 0.08095249975653987, "slope_gph": -0.020222531474214156, "chord_length_gph": 39.622981970467556}, "S_59": {"chord_length_pph": 9.765067598302618, "slope_pph": -0.020118562725991662, "specific_surface": 0.08047425090396665, "slope_gph": -0.02013646419258148, "chord_length_gph": 39.904765172032256}, "S_58": {"chord_length_pph": 9.937755512519544, "slope_pph": -0.020807515312637692, "specific_surface": 0.08323006125055077, "slope_gph": -0.02069714660388189, "chord_length_gph": 38.3250896938241}}