{"orig": {"chord_length_pph": 20.352445382989107, "slope_pph": -0.017813751280375767, "specific_surface": 0.07125500512150307, "slope_gph": -0.017775215567764402, "chord_length_gph": 35.86153976979149}, "S_46": {"chord_length_pph": 20.384849060001688, "slope_pph": -0.017786273468731295, "specific_surface": 0.07114509387492518, "slope_gph": -0.01802417255726496, "chord_length_gph": 35.365257294048305}, "S_47": {"chord_length_pph": 21.93325853663643, "slope_pph": -0.017562649177575107, "specific_surface": 0.07025059671030043, "slope_gph": -0.017759054301742294, "chord_length_gph": 34.61861563989273}, "S_44": {"chord_length_pph": 21.253768158958177, "slope_pph": -0.01769436234494215, "specific_surface": 0.0707774493797686, "slope_gph": -0.01801548612504278, "chord_length_gph": 34.63287755153587}, "S_45": {"chord_length_pph": 20.704669964150703, "slope_pph": -0.01772673752518109, "specific_surface": 0.07090695010072436, "slope_gph": -0.017870364668555943, "chord_length_gph": 35.420304047502626}, "S_43": {"chord_length_pph": 21.084071730744625, "slope_pph": -0.01760599208447533, "specific_surface": 0.07042396833790132, "slope_gph": -0.01783517591784234, "chord_length_gph": 35.255833914761304}, "S_48": {"chord_length_pph": 20.8643383740063, "slope_pph": -0.017937340896764686, "specific_surface": 0.07174936358705875, "slope_gph": -0.018023682371542726, "chord_length_gph": 34.718168967956544}, "S_49": {"chord_length_pph": 19.8694917284755, "slope_pph": -0.018069196480022216, "specific_surface": 0.07227678592008886, "slope_gph": -0.017833967676111423, "chord_length_gph": 35.941202857431676}, "S_60": {"chord_length_pph": 21.15250316530522, "slope_pph": -0.017865391488031346, "specific_surface": 0.07146156595212538, "slope_gph": -0.018142425490865532, "chord_length_gph": 34.28991621397151}, "S_61": {"chord_length_pph": 20.454270512641862, "slope_pph": -0.017651588932338164, "specific_surface": 0.07060635572935266, "slope_gph": -0.017731178234301294, "chord_length_gph": 36.03537320288959}, "S_62": {"chord_length_pph": 20.040054594418052, "slope_pph": -0.0179214955881426, "specific_surface": 0.0716859823525704, "slope_gph": -0.017834178169188898, "chord_length_gph": 35.93393785350671}, "S_63": {"chord_length_pph": 21.43859499705552, "slope_pph": -0.0176685377494199, "specific_surface": 0.0706741509976796, "slope_gph": -0.017770437615286738, "chord_length_gph": 34.95757327133085}, "S_51": {"chord_length_pph": 20.583495143517215, "slope_pph": -0.017687642330008524, "specific_surface": 0.0707505693200341, "slope_gph": -0.01811902653548758, "chord_length_gph": 35.09716698932399}, "S_50": {"chord_length_pph": 21.468932489951946, "slope_pph": -0.0176600827813609, "specific_surface": 0.0706403311254436, "slope_gph": -0.017799894063475596, "chord_length_gph": 34.879807305930214}, "S_53": {"chord_length_pph": 20.157666497267456, "slope_pph": -0.018010802492898437, "specific_surface": 0.07204320997159375, "slope_gph": -0.018036442034043088, "chord_length_gph": 35.31429584603173}, "S_52": {"chord_length_pph": 21.08225571778951, "slope_pph": -0.017742159805242075, "specific_surface": 0.0709686392209683, "slope_gph": -0.01767677261100875, "chord_length_gph": 35.41117282971481}, "S_55": {"chord_length_pph": 19.762202607861763, "slope_pph": -0.01816996982194444, "specific_surface": 0.07267987928777776, "slope_gph": -0.018039065458920645, "chord_length_gph": 35.52963297680439}, "S_54": {"chord_length_pph": 20.290204445799592, "slope_pph": -0.018053471367353913, "specific_surface": 0.07221388546941565, "slope_gph": -0.017865082241686814, "chord_length_gph": 35.47094642090867}, "S_57": {"chord_length_pph": 20.63321050314058, "slope_pph": -0.01757708161533067, "specific_surface": 0.07030832646132268, "slope_gph": -0.017808047812353456, "chord_length_gph": 35.788783909142744}, "S_56": {"chord_length_pph": 20.40308906758324, "slope_pph": -0.017976775417931634, "specific_surface": 0.07190710167172654, "slope_gph": -0.017930617882298217, "chord_length_gph": 35.31491520016926}, "S_59": {"chord_length_pph": 20.66520774571331, "slope_pph": -0.017669402577176765, "specific_surface": 0.07067761030870706, "slope_gph": -0.017676855462575247, "chord_length_gph": 35.91465271321005}, "S_58": {"chord_length_pph": 20.864566903617057, "slope_pph": -0.017661204121908636, "specific_surface": 0.07064481648763454, "slope_gph": -0.01781315740772027, "chord_length_gph": 35.451695089513066}}