{"orig": {"chord_length_pph": 9.264037690376398, "slope_pph": -0.013694034215208983, "specific_surface": 0.05477613686083593, "slope_gph": -0.013675924713888898, "chord_length_gph": 63.84489306308222}, "S_46": {"chord_length_pph": 9.89084144483701, "slope_pph": -0.012463613504223092, "specific_surface": 0.04985445401689237, "slope_gph": -0.012592800741499962, "chord_length_gph": 69.62107897973226}, "S_47": {"chord_length_pph": 9.957302324904445, "slope_pph": -0.011888787357989157, "specific_surface": 0.04755514943195663, "slope_gph": -0.011959995695151937, "chord_length_gph": 73.71405245215685}, "S_44": {"chord_length_pph": 9.409581821193182, "slope_pph": -0.012305621248672786, "specific_surface": 0.049222484994691146, "slope_gph": -0.01233984744216041, "chord_length_gph": 71.65479590768719}, "S_45": {"chord_length_pph": 9.169306990263705, "slope_pph": -0.012604851176073018, "specific_surface": 0.05041940470429207, "slope_gph": -0.012528881206166664, "chord_length_gph": 70.5906804802883}, "S_43": {"chord_length_pph": 9.268647026146667, "slope_pph": -0.011981697510620325, "specific_surface": 0.0479267900424813, "slope_gph": -0.01179163010507073, "chord_length_gph": 75.38786979229685}, "S_48": {"chord_length_pph": 9.24274865529774, "slope_pph": -0.012111494553715518, "specific_surface": 0.04844597821486207, "slope_gph": -0.01197425793551865, "chord_length_gph": 74.16380244873477}, "S_49": {"chord_length_pph": 9.980991453305586, "slope_pph": -0.012395399352739245, "specific_surface": 0.04958159741095698, "slope_gph": -0.012384655646397125, "chord_length_gph": 70.75542913903487}, "S_60": {"chord_length_pph": 9.439540419656684, "slope_pph": -0.012131085827181065, "specific_surface": 0.04852434330872426, "slope_gph": -0.012221560792341268, "chord_length_gph": 72.45294934464488}, "S_61": {"chord_length_pph": 9.630168887052337, "slope_pph": -0.01199406535385845, "specific_surface": 0.0479762614154338, "slope_gph": -0.01210518015125217, "chord_length_gph": 73.0674896158821}, "S_62": {"chord_length_pph": 9.977918186317101, "slope_pph": -0.012532323643571113, "specific_surface": 0.05012929457428445, "slope_gph": -0.01249393932778812, "chord_length_gph": 70.03023442366101}, "S_63": {"chord_length_pph": 9.699809776333433, "slope_pph": -0.01234816741378153, "specific_surface": 0.04939266965512612, "slope_gph": -0.012278797197741387, "chord_length_gph": 71.6865920028317}, "S_51": {"chord_length_pph": 9.727076505989181, "slope_pph": -0.012453857531130921, "specific_surface": 0.049815430124523684, "slope_gph": -0.012542678426086473, "chord_length_gph": 70.06959320364392}, "S_50": {"chord_length_pph": 10.103764471248267, "slope_pph": -0.012219851358505228, "specific_surface": 0.04887940543402091, "slope_gph": -0.012335694980866651, "chord_length_gph": 71.05667750050176}, "S_53": {"chord_length_pph": 9.63352125829102, "slope_pph": -0.012387305929002501, "specific_surface": 0.049549223716010005, "slope_gph": -0.012463329677553148, "chord_length_gph": 70.66062182292333}, "S_52": {"chord_length_pph": 9.598241976631385, "slope_pph": -0.01245730731639294, "specific_surface": 0.04982922926557176, "slope_gph": -0.012413915387874841, "chord_length_gph": 70.9229701098134}, "S_55": {"chord_length_pph": 9.739140139151603, "slope_pph": -0.012490989785736602, "specific_surface": 0.04996395914294641, "slope_gph": -0.01243090394239732, "chord_length_gph": 70.65845766889653}, "S_54": {"chord_length_pph": 10.059231650184616, "slope_pph": -0.012237465472598075, "specific_surface": 0.0489498618903923, "slope_gph": -0.012247479205218958, "chord_length_gph": 71.59844775456574}, "S_57": {"chord_length_pph": 9.469046623415577, "slope_pph": -0.012057866492879876, "specific_surface": 0.048231465971519505, "slope_gph": -0.012111199079496237, "chord_length_gph": 73.14085865367889}, "S_56": {"chord_length_pph": 9.86715045083811, "slope_pph": -0.012055114147965229, "specific_surface": 0.048220456591860916, "slope_gph": -0.012094968870485445, "chord_length_gph": 72.84436896319504}, "S_59": {"chord_length_pph": 9.656582292033068, "slope_pph": -0.011852187610354191, "specific_surface": 0.047408750441416764, "slope_gph": -0.011967162780193998, "chord_length_gph": 73.9981891501976}, "S_58": {"chord_length_pph": 9.850947038107607, "slope_pph": -0.012524036980682052, "specific_surface": 0.05009614792272821, "slope_gph": -0.012570860558429583, "chord_length_gph": 69.73479428281182}}